id,doi_link,manuscript_type,novel_biologging,biologging_context,external_data,device_cat,genus,species,habitat,more_species,biologging_availability,conserv*,note,authors,title,source,year,doi
loarie2009a,doi.org/10.1016/j.biocon.2009.08.008,S,Y,W,,L,Loxodonta,africana,T,N,N,Y,,"Loarie, SR; Van Aarde, RJ; Pimm, SL",Fences and artificial water affect African savannah elephant movement patterns,BIOLOGICAL CONSERVATION,2009,10.1016/j.biocon.2009.08.008
pistorius2017,doi.org/10.1002/ece3.2833,S,Y,W,,L,Aptenodytes,patagonicus,M,N,N,N,,"Pistorius, P; Hindell, M; Crawford, R; Makhado, A; Dyer, B; Reisinger, R",At-sea distribution and habitat use in king penguins at sub-Antarctic Marion Island,ECOLOGY AND EVOLUTION,2017,10.1002/ece3.2833
hays2014b,doi.org/10.3389/fmars.2014.00043,S,Y,W,,L,Caretta,caretta,M,N,N,N,,"Hays, GC; Mazaris, AD; Schofield, G",Different male vs. female breeding periodicity helps mitigate offspring sex ratio skews in sea turtles,FRONTIERS IN MARINE SCIENCE,2014,10.3389/fmars.2014.00043
mccutcheon2011,doi.org/10.1071/MU10078,S,Y,W,,L,Eudyptula,minor,M,N,N,N,,"McCutcheon, C; Dann, P; Salton, M; Renwick, L; Hoskins, AJ; Gormley, AM; Arnould, JPY",The foraging range of Little Penguins (Eudyptula minor) during winter,EMU-AUSTRAL ORNITHOLOGY,2011,10.1071/MU10078
noble2016,doi.org/10.3398/064.076.0404,S,Y,W,,L,Odocoileus,hemionus,T,N,N,Y,,"Noble, CW; Bono, JM; Pigage, HK; Hale, DW; Pigage, JC",FINE-SCALE GENETIC STRUCTURE IN FEMALE MULE DEER (ODOCOILEUS HEMIONUS),WESTERN NORTH AMERICAN NATURALIST,2016,10.3398/064.076.0404
shepard2009,doi.org/10.3354/ab00104,S,Y,W,,I,Phalacrocorax,atriceps,M,N,N,N,,"Shepard, ELC; Wilson, RP; Halsey, LG; Quintana, F; Laich, AG; Gleiss, AC; Liebsch, N; Myers, AE; Norman, B",Derivation of body motion via appropriate smoothing of acceleration data,AQUATIC BIOLOGY,2009,10.3354/ab00104
bowers2018,doi.org/10.1242/jeb.162479,S,Y,W,,"L, E",Globicephala,macrorhynchus,M,Y,N,N,,"Bowers, MT; Friedlaender, AS; Janik, VM; Nowacek, DP; Quick, NJ; Southall, BL; Read, AJ",Selective reactions to different killer whale call categories in two delphinid species,JOURNAL OF EXPERIMENTAL BIOLOGY,2018,10.1242/jeb.162479
leung2014,doi.org/10.1007/s00300-013-1405-6,S,Y,W,,L,Phocarctos,hookeri,M,N,N,Y,,"Leung, ES; Chilvers, BL; Nakagawa, S; Robertson, BC",Size and experience matter: diving behaviour of juvenile New Zealand sea lions (Phocarctos hookeri),POLAR BIOLOGY,2014,10.1007/s00300-013-1405-6
friebe2013,doi.org/10.1007/s10344-013-0728-5,S,Y,W,,"L, I",Ursus,arctos,T,N,N,N,,"Friebe, A; Zedrosser, A; Swenson, JE",Detection of pregnancy in a hibernator based on activity data,EUROPEAN JOURNAL OF WILDLIFE RESEARCH,2013,10.1007/s10344-013-0728-5
ratsimbazafindranahaka2022,doi.org/10.7717/peerj.12945,S,Y,W,,"L, I, E",Megaptera,novaeangliae,M,N,Y,N,,"Ratsimbazafindranahaka, MN; Huetz, C; Andrianarimisa, A; Reidenberg, JS; Saloma, A; Adam, O; Charrier, I",Characterizing the suckling behavior by video and 3D-accelerometry in humpback whale calves on a breeding ground,PEERJ,2022,10.7717/peerj.12945
andrzejaczek2018,doi.org/10.1038/s41598-018-26485-3,S,Y,W,,"L, E",Carcharhinus,longimanus,M,N,Y,N,,"Andrzejaczek, S; Gleiss, AC; Jordan, LKB; Pattiaratchi, CB; Howey, LA; Brooks, EJ; Meekan, MG","Temperature and the vertical movements of oceanic whitetip sharks, Carcharhinus longimanus",SCIENTIFIC REPORTS,2018,10.1038/s41598-018-26485-3
rowat2007,doi.org/10.1007/s10641-006-9148-7,S,Y,W,,"L, E",Rhincodon ,typus,M,N,N,N,,"Rowat, D; Meekan, MG; Engelhardt, U; Pardigon, B; Vely, M","Aggregations of juvenile whale sharks (Rhincodon typus) in the Gulf of Tadjoura, Djibouti",ENVIRONMENTAL BIOLOGY OF FISHES,2007,10.1007/s10641-006-9148-7
trierweiler2014,doi.org/10.1098/rspb.2013.2897,S,Y,W,,L,Circu,pygargus,T,N,Y,Y,,"Trierweiler, C; Klaassen, RHG; Drent, RH; Exo, KM; Komdeur, J; Bairlein, F; Koks, BJ",Migratory connectivity and population-specific migration routes in a long-distance migratory bird,PROCEEDINGS OF THE ROYAL SOCIETY B-BIOLOGICAL SCIENCES,2014,10.1098/rspb.2013.2897
benson2021,doi.org/10.1002/2688-8319.12093,S,Y,W,,L,Puma,concolor,T,N,Y,Y,,"Benson, JF; Abernathy, HN; Sikich, JA; Riley, SPD","Mountain lions reduce movement, increase efficiency during the Covid-19 shutdown",ECOLOGICAL SOLUTIONS AND EVIDENCE,2021,10.1002/2688-8319.12093
grunst2023a,doi.org/10.1021/acs.est.2c08893,S,Y,W,,"L, I, E",Alle,alle,"M, T",N,Y,N,,"Grunst, AS; Grunst, ML; Gremillet, D; Kato, A; Bustamante, P; Albert, C; Brisson-Curadeau, E; Clairbaux, M; Cruz-Flores, M; Gentes, S; Perret, S; Ste-Marie, E; Wojczulanis-Jakubas, K; Fort, J",Mercury Contamination Challenges the Behavioral Response of a Keystone Species to Arctic Climate Change,ENVIRONMENTAL SCIENCE & TECHNOLOGY,2023,10.1021/acs.est.2c08893
arrowsmith2021,doi.org/10.3354/meps13899,S,Y,W,,"L, E",Rhincodon,typus,M,N,N,N,,"Arrowsmith, LM; Sequeira, AMM; Pattiaratchi, CB; Meekan, MG","Water temperature is a key driver of horizontal and vertical movements of an ocean giant, the whale shark Rhincodon typus",MARINE ECOLOGY PROGRESS SERIES,2021,10.3354/meps13899
grignolio2018,doi.org/10.1016/j.mambio.2018.06.003,S,Y,W,,"L, I",Rupicapra,rupicapra,T,N,N,N,,"Grignolio, S; Brivio, F; Apollonio, M; Frigato, E; Tettamanti, F; Filli, F; Bertolucci, C",Is nocturnal activity compensatory in chamois? A study of activity in a cathemeral ungulate,MAMMALIAN BIOLOGY,2018,10.1016/j.mambio.2018.06.003
mueller2022,doi.org/10.1139/cjz-2021-0144,S,Y,W,,"L, E",Rangifer ,tarandus caribou,T,N,N,Y,,"Mueller, M; Johnson, CJ; McNay, RS",Influence of maternity penning on the success and timing of parturition by mountain caribou (Rangifer tarandus caribou),CANADIAN JOURNAL OF ZOOLOGY,2022,10.1139/cjz-2021-0144
cook2008b,doi.org/10.1016/j.anbehav.2008.02.010,S,Y,W,,"L, E",Phalacrocorax,verrucosus,M,N,N,N,,"Cook, TR; Lescroel, A; Tremblay, Y; Bost, CA","To breathe or not to breathe? Optimal breathing, aerobic dive limit and oxygen stores in deep-diving blue-eyed shags",ANIMAL BEHAVIOUR,2008,10.1016/j.anbehav.2008.02.010
studd2022,doi.org/10.1007/s00442-022-05266-w,S,Y,W,,"L, I, E",Sciurus,vulgaris,T,Y,Y,N,,"Studd, EK; Peers, MJL; Menzies, AK; Derbyshire, R; Majchrzak, YN; Seguin, JL; Murray, DL; Dantzer, B; Lane, JE; McAdam, AG; Humphries, MM; Boutin, S",Behavioural adjustments of predators and prey to wind speed in the boreal forest,OECOLOGIA,2022,10.1007/s00442-022-05266-w
alonso2021,doi.org/10.1016/j.anbehav.2020.11.011,S,Y,W,,"L, I",Chlamydotis,undulata,T,N,N,N,,"Alonso, JC; Abril-Colon, I; Palacin, C",Moonlight triggers nocturnal display in a diurnal bird,ANIMAL BEHAVIOUR,2021,10.1016/j.anbehav.2020.11.011
beirne2021,doi.org/10.1038/s41598-021-91627-z,S,Y,W,,L,Loxodonta,cyclotis,T,N,N,Y,,"Beirne, C; Houslay, TM; Morkel, P; Clark, CJ; Fay, M; Okouyi, J; White, LJT; Poulsen, JR",African forest elephant movements depend on time scale and individual behavior,SCIENTIFIC REPORTS,2021,10.1038/s41598-021-91627-z
lecomte2010,doi.org/10.1073/pnas.0911181107,S,Y,W,,"L, I",Diomedea,exulans,M,N,N,N,,"Lecomte, VJ; Sorci, G; Cornet, S; Jaeger, A; Faivre, B; Arnoux, E; Gaillard, M; Trouve, C; Besson, D; Chastel, O; Weimerskirch, H",Patterns of aging in the long-lived wandering albatross,PROCEEDINGS OF THE NATIONAL ACADEMY OF SCIENCES OF THE UNITED STATES OF AMERICA,2010,10.1073/pnas.0911181107
tsalyuk2019,doi.org/10.1002/ecm.1348,S,Y,W,,L,Loxodonta,africana,T,N,Y,N,,"Tsalyuk, M; Kilian, W; Reineking, B; Getz, WM",Temporal variation in resource selection of African elephants follows long-term variability in resource availability,ECOLOGICAL MONOGRAPHS,2019,10.1002/ecm.1348
wensveen2019,doi.org/10.1098/rspb.2018.2592,S,Y,W,,"L, I",Hyperoodon,ampullatus,M,N,Y,N,,"Wensveen, PJ; Isojunno, S; Hansen, RR; von Benda-Beckmann, AM; Kleivane, L; van IJsselmuide, S; Lam, FPA; Kvadsheim, PH; DeRuiter, SL; Cure, C; Narazaki, T; Tyack, PL; Miller, PJO",Northern bottlenose whales in a pristine environment respond strongly to close and distant navy sonar signals,PROCEEDINGS OF THE ROYAL SOCIETY B-BIOLOGICAL SCIENCES,2019,10.1098/rspb.2018.2592
volkmann2021,doi.org/10.1186/s40462-021-00286-2,S,Y,W,,L,Martes,caurina,T,N,Y,N,,"Volkmann, LA; Hodges, KE",Post-fire movements of Pacific marten (Martes caurina) depend on the severity of landscape change,MOVEMENT ECOLOGY,2021,10.1186/s40462-021-00286-2
rafiq2020,doi.org/10.1016/j.anbehav.2019.12.016,S,Y,W,,L,Panthera ,pardus,T,N,N,N,,"Rafiq, K; Jordan, NR; Meloro, C; Wilson, AM; Hayward, MW; Wich, SA; McNutt, JW",Scent-marking strategies of a solitary carnivore: boundary and road scent marking in the leopard,ANIMAL BEHAVIOUR,2020,10.1016/j.anbehav.2019.12.016
watanabe2020,doi.org/10.1073/pnas.2014021117,S,Y,W,,"I, E",Pusa,sibirica,A,N,Y,N,,"Watanabe, YY; Baranov, EA; Miyazaki, N",Ultrahigh foraging rates of Baikal seals make tiny endemic amphipods profitable in Lake Baikal,PROCEEDINGS OF THE NATIONAL ACADEMY OF SCIENCES OF THE UNITED STATES OF AMERICA,2020,10.1073/pnas.2014021117
rast2020,doi.org/10.1371/journal.pone.0227317,S,Y,"W, C",,"L, I",Vulpes,vulpes,T,N,Y,Y,,"Rast, W; Kimmig, SE; Giese, L; Berger, A",Machine learning goes wild: Using data from captive individuals to infer wildlife behaviours,PLOS ONE,2020,10.1371/journal.pone.0227317
heurich2014,doi.org/10.1371/journal.pone.0114143,S,Y,W,,"L, I",Lynx,lynx,T,N,Y,N,,"Heurich, M; Hilger, A; Kuchenhoff, H; Andren, H; Bufka, L; Krofel, M; Mattisson, J; Odden, J; Persson, J; Rauset, GR; Schmidt, K; Linnell, JDC",Activity Patterns of Eurasian Lynx Are Modulated by Light Regime and Individual Traits over a Wide Latitudinal Range,PLOS ONE,2014,10.1371/journal.pone.0114143
quick2019,doi.org/10.1186/s40317-019-0167-5,S,Y,W,,L,Ziphius,cavirostris,M,N,Y,Y,,"Quick, NJ; Cioffi, WR; Shearer, J; Read, AJ",Mind the gap-optimizing satellite tag settings for time series analysis of foraging dives in Cuvier's beaked whales (Ziphius cavirostris),ANIMAL BIOTELEMETRY,2019,10.1186/s40317-019-0167-5
courbin2014,doi.org/10.1890/12-2118.1,S,Y,W,,L,Rangifer ,tarandus caribou,T,Y,Y,Y,,"Courbin, N; Fortin, D; Dussault, C; Courtois, R",Logging-induced changes in habitat network connectivity shape behavioral interactions in the wolf-caribou-moose system,ECOLOGICAL MONOGRAPHS,2014,10.1890/12-2118.1
bedrosian2012,doi.org/10.1371/journal.pone.0051978,S,Y,W,,L,Haliaeetus,leucocephalus,T,N,N,N,,"Bedrosian, B; Craighead, D; Crandall, R","Lead Exposure in Bald Eagles from Big Game Hunting, the Continental Implications and Successful Mitigation Efforts",PLOS ONE,2012,10.1371/journal.pone.0051978
allen2014b,doi.org/10.1007/s11356-013-2118-7,S,Y,W,,L,Canis,lupus dingo,T,N,N,N,,"Allen, BL; Engeman, RM; Leung, LKP",The short-term effects of a routine poisoning campaign on the movements and detectability of a social top-predator,ENVIRONMENTAL SCIENCE AND POLLUTION RESEARCH,2014,10.1007/s11356-013-2118-7
ioriomerlo2022,doi.org/10.1098/rspb.2021.2261,S,Y,W,,"L, I",Phoca,vitulina,M,N,Y,N,,"Iorio-Merlo, V; Graham, IM; Hewitt, RC; Aarts, G; Pirotta, E; Hastie, GD; Thompson, PM",Prey encounters and spatial memory influence use of foraging patches in a marine central place forager,PROCEEDINGS OF THE ROYAL SOCIETY B-BIOLOGICAL SCIENCES,2022,10.1098/rspb.2021.2261
miller2010a,doi.org/10.1139/Z10-080,S,Y,W,,L,Orcinus,orca,M,N,N,N,,"Miller, PJO; Shapiro, AD; Deecke, VB",The diving behaviour of mammal-eating killer whales (Orcinus orca): variations with ecological not physiological factors,CANADIAN JOURNAL OF ZOOLOGY-REVUE CANADIENNE DE ZOOLOGIE,2010,10.1139/Z10-080
gaughran2018,doi.org/10.1371/journal.pone.0191818,S,Y,W,,L,Meles,meles,T,N,Y,N,,"Gaughran, A; Kelly, DJ; MacWhite, T; Mullen, E; Maher, P; Good, M; Marples, NM",Super-ranging. A new ranging strategy in European badgers,PLOS ONE,2018,10.1371/journal.pone.0191818
rotics2017,doi.org/10.1016/j.anbehav.2017.01.016,S,Y,W,,L,Ciconia,ciconia,T,N,N,Y,,"Rotics, S; Turjeman, S; Kaatz, M; Resheff, YS; Zurell, D; Sapir, N; Eggers, U; Fiedler, W; Flack, A; Jeltsch, F; Wikelski, M; Nathan, R",Wintering in Europe instead of Africa enhances juvenile survival in a long-distance migrant,ANIMAL BEHAVIOUR,2017,10.1016/j.anbehav.2017.01.016
pearson2019b,doi.org/10.1007/s00265-019-2763-z,S,Y,W,,"L, E",Lagenorhynchus,obscurus,M,N,Y,N,,"Pearson, HC; Jones, PW; Brandon, TP; Stockin, KA; Machovsky-Capuska, GE",A biologging perspective to the drivers that shape gregariousness in dusky dolphins,BEHAVIORAL ECOLOGY AND SOCIOBIOLOGY,2019,10.1007/s00265-019-2763-z
webb2013b,doi.org/10.2111/REM-D-12-00065.1,S,Y,W,,L,Odocoileus,hemionus,T,N,N,Y,,"Webb, SL; Dzialak, MR; Kosciuch, L; Winstead, JB",Winter Resource Selection by Mule Deer on the Wyoming-Colorado Border Prior to Wind Energy Development,RANGELAND ECOLOGY & MANAGEMENT,2013,10.2111/REM-D-12-00065.1
klarevasirby2021,doi.org/10.1111/ele.13763,S,Y,W,,L,Acryllium,vulturinum,T,N,Y,N,,"Klarevas-Irby, JA; Wikelski, M; Farine, DR",Efficient movement strategies mitigate the energetic cost of dispersal,ECOLOGY LETTERS,2021,10.1111/ele.13763
wright2020,doi.org/10.1002/jwmg.21935,S,Y,W,,L,Odocoileus, spp.,T,Y,N,N,,"Wright, CA; Adams, IT; Stent, P; Ford, AT",Comparing Survival and Movements of Non-Urban and Urban Translocated Mule Deer,JOURNAL OF WILDLIFE MANAGEMENT,2020,10.1002/jwmg.21935
makhado2018,doi.org/10.1080/01584197.2018.1469959,S,Y,W,,L,Thalassarche,carteri,M,N,Y,Y,,"Makhado, AB; Crawford, RJM; Dias, MP; Dyer, BM; Lamont, T; Pistorius, P; Ryan, PG; Upfold, L; Weimerskirch, H; Reisinger, RR",Foraging behaviour and habitat use by Indian Yellow-nosed Albatrosses (Thalassarche carteri) breeding at Prince Edward Island,EMU-AUSTRAL ORNITHOLOGY,2018,10.1080/01584197.2018.1469959
byholm2022,doi.org/10.1038/s41467-022-29300-w,S,Y,W,,L,Hydroprogne,caspia,"A, M",N,Y,Y,,"Byholm, P; Beal, M; Isaksson, N; Lotberg, U; Akesson, S",Paternal transmission of migration knowledge in a long-distance bird migrant,NATURE COMMUNICATIONS,2022,10.1038/s41467-022-29300-w
fehlmann2017,doi.org/10.1038/s41598-017-14871-2,S,Y,W,,"L, I",Papio,ursinus,T,N,N,N,,"Fehlmann, G; O'Riain, MJ; Kerr-Smith, C; Hailes, S; Luckman, A; Shepard, ELC; King, AJ","Extreme behavioural shifts by baboons exploiting risky, resource-rich, human-modified environments",SCIENTIFIC REPORTS,2017,10.1038/s41598-017-14871-2
dexter2016,doi.org/10.1071/WR15153,S,Y,W,,L,Phascolarctos,cinereus,T,N,N,Y,,"Dexter, CE; Appleby, RG; Edgar, JP; Scott, J; Jones, DN",Using complementary remote detection methods for retrofitted eco-passages: a case study for monitoring individual koalas in south-east Queensland,WILDLIFE RESEARCH,2016,10.1071/WR15153
otoole2017,doi.org/10.3354/meps12312,S,Y,W,,"L, I",Mirounga,leonina,M,N,N,N,,"O'Toole, M; Guinet, C; Lea, MA; Hindell, MA",Marine predators and phytoplankton: how elephant seals use the recurrent Kerguelen plume,MARINE ECOLOGY PROGRESS SERIES,2017,10.3354/meps12312
mbizah2019,doi.org/10.1002/ece3.5456,S,Y,W,,L,Panthera,leo,T,N,Y,N,,"Mbizah, MM; Valeix, M; Macdonald, DW; Loveridge, AJ",Applying the resource dispersion hypothesis to a fission-fusion society: A case study of the African lion (Panthera leo),ECOLOGY AND EVOLUTION,2019,10.1002/ece3.5456
wikenros2023,doi.org/10.1002/ece3.10236,S,Y,W,,L,Canis,lupus,T,N,Y,N,,"Wikenros, C; Di Bernardi, C; Zimmermann, B; Akesson, M; Demski, M; Flagstad, O; Mattisson, J; Tallian, A; Wabakken, P; Sand, H",Scavenging patterns of an inbred wolf population in a landscape with a pulse of human-provided carrion,ECOLOGY AND EVOLUTION,2023,10.1002/ece3.10236
veltheim2015,doi.org/10.1071/WR14238,S,Y,W,,L,Grus,rubicunda,A,N,N,N,,"Veltheim, I; Chavez-Ramirez, F; Hill, R; Cook, S","Assessing capture and tagging methods for brolgas, Antigone rubicunda (Gruidae)",WILDLIFE RESEARCH,2015,10.1071/WR14238
walton2017,doi.org/10.1371/journal.pone.0175291,S,Y,W,,L,Vulpes,vulpes,T,N,Y,N,,"Walton, Z; Samelius, G; Odden, M; Willebrand, T",Variation in home range size of red foxes Vulpes vulpes along a gradient of productivity and human landscape alteration,PLOS ONE,2017,10.1371/journal.pone.0175291
rayner2011,doi.org/10.1111/j.1600-048X.2010.05238.x,S,Y,W,,"L, E",Puffinus,carneipes,M,N,N,Y,,"Rayner, MJ; Taylor, GA; Thompson, DR; Torres, LG; Sagar, PM; Shaffer, SA",Migration and diving activity in three non-breeding flesh-footed shearwaters Puffinus carneipes,JOURNAL OF AVIAN BIOLOGY,2011,10.1111/j.1600-048X.2010.05238.x
doranmyers2021,doi.org/10.1002/ecs2.3774,S,Y,W,,L,Lynx,canadensis,T,N,Y,N,,"Doran-Myers, D; Kenney, AJ; Krebs, CJ; Lamb, CT; Menzies, AK; Murray, D; Studd, EK; Whittington, J; Boutin, S",Density estimates for Canada lynx vary among estimation methods,ECOSPHERE,2021,10.1002/ecs2.3774
levaillant2013,doi.org/10.1007/s00227-013-2167-y,S,Y,W,,L,Aptenodytes ,patagonicus,M,N,N,N,,"Le Vaillant, M; Le Bohec, C; Prud'Homme, O; Wienecke, B; Le Maho, Y; Kato, A; Ropert-Coudert, Y",How age and sex drive the foraging behaviour in the king penguin,MARINE BIOLOGY,2013,10.1007/s00227-013-2167-y
lefebvre2018,doi.org/10.1139/cjz-2017-0015,S,Y,W,,L,Delphinapterus,leucas,M,N,N,N,,"Lefebvre, SL; Lesage, V; Michaud, R; Humphries, MM","Classifying and combining herd surface activities and individual dive profiles to identify summer behaviours of beluga (Delphinapterus leucas) from the St. Lawrence Estuary, Canada",CANADIAN JOURNAL OF ZOOLOGY,2018,10.1139/cjz-2017-0015
gillies2020,doi.org/10.1038/s41598-020-72199-w,S,Y,W,,L,Puffinus,puffinus,M,N,N,N,,"Gillies, N; Fayet, AL; Padget, O; Syposz, M; Wynn, J; Bond, S; Evry, J; Kirk, H; Shoji, A; Dean, B; Freeman, R; Guilford, T",Short-term behavioural impact contrasts with long-term fitness consequences of biologging in a long-lived seabird,SCIENTIFIC REPORTS,2020,10.1038/s41598-020-72199-w
young2010,doi.org/10.3354/meps08478,S,Y,W,,L,Sula,dactylatra,M,Y,N,N,,"Young, HS; Shaffer, SA; McCauley, DJ; Foley, DG; Dirzo, R; Block, BA",Resource partitioning by species but not sex in sympatric boobies in the central Pacific Ocean,MARINE ECOLOGY PROGRESS SERIES,2010,10.3354/meps08478
cusack2020,doi.org/10.1111/1365-2656.12968,S,Y,W,,L,Cervus,elaphus,T,N,Y,N,,"Cusack, JJ; Kohl, MT; Metz, MC; Coulson, T; Stahler, DR; Smith, DW; MacNulty, DR",Weak spatiotemporal response of prey to predation risk in a freely interacting system,JOURNAL OF ANIMAL ECOLOGY,2020,10.1111/1365-2656.12968
cleeland2014,doi.org/10.1016/j.jembe.2013.10.012,S,Y,W,,L,Puffinus,tenuirostris,M,N,N,N,,"Cleeland, JB; Lea, MA; Hindell, MA",Use of the Southern Ocean by breeding Short-tailed shearwaters (Puffinus tenuirostris),JOURNAL OF EXPERIMENTAL MARINE BIOLOGY AND ECOLOGY,2014,10.1016/j.jembe.2013.10.012
body2014,doi.org/10.1371/journal.pone.0095618,S,Y,W,,L,Rangifer,tarandus,T,N,N,N,,"Body, G; Weladji, RB; Holand, O; Nieminen, M",Highly Competitive Reindeer Males Control Female Behavior during the Rut,PLOS ONE,2014,10.1371/journal.pone.0095618
campioni2020,doi.org/10.1111/1365-2656.13044,S,Y,W,,L,Calonectris,borealis,M,N,Y,N,,"Campioni, L; Dias, MP; Granadeiro, JP; Catry, P",An ontogenetic perspective on migratory strategy of a long-lived pelagic seabird: Timings and destinations change progressively during maturation,JOURNAL OF ANIMAL ECOLOGY,2020,10.1111/1365-2656.13044
bramorska2023,doi.org/10.1007/s10344-023-01690-2,S,Y,W,,L,Bison,bonasus,T,N,N,Y,,"Bramorska, B; Kowalczyk, R; Kaminski, T; Borowik, T",Linking winter severity to space use of European bison around feeding sites in Bialowieza Primeval Forest (NE Poland),EUROPEAN JOURNAL OF WILDLIFE RESEARCH,2023,10.1007/s10344-023-01690-2
burnett2014b,doi.org/10.1002/eco.1440,S,Y,W,,I,Oncorhynchus,nerka,"M, A",N,N,N,,"Burnett, NJ; Hinch, SG; Donaldson, MR; Furey, NB; Patterson, DA; Roscoe, DW; Cooke, SJ","Alterations to dam-spill discharge influence sex-specific activity, behaviour and passage success of migrating adult sockeye salmon",ECOHYDROLOGY,2014,10.1002/eco.1440
lopes2021,doi.org/10.1093/jmammal/gyaa144,S,Y,W,,L,Hydrochoerus,hydrochaeris,T,N,Y,Y,,"Lopes, B; McEvoy, JF; Morato, RG; Luz, HR; Costa, FB; Benatti, HR; Dias, TD; Rocha, VJ; do Nascimento, VR; Piovezan, U; Monticelli, PF; Nievas, AM; Pacheco, RC; Moro, MEG; Brasil, J; Leimgruber, P; Labruna, MB; Ferraz, KMPMD",Human-modified landscapes alter home range and movement patterns of capybaras,JOURNAL OF MAMMALOGY,2021,10.1093/jmammal/gyaa144
orben2015,doi.org/10.1111/1365-2656.12410,S,Y,W,,L,Uria,lomvia,M,N,Y,N,,"Orben, RA; Paredes, R; Roby, DD; Irons, DB; Shaffer, SA",Body size affects individual winter foraging strategies of thick-billed murres in the Bering Sea,JOURNAL OF ANIMAL ECOLOGY,2015,10.1111/1365-2656.12410
blundell2011,doi.org/10.3354/meps09073,S,Y,W,,L,Phoca,vitulina,M,N,N,Y,,"Blundell, GM; Womble, JN; Pendleton, GW; Karpovich, SA; Gende, SM; Herreman, JK","Use of glacial and terrestrial habitats by harbor seals in Glacier Bay, Alaska: costs and benefits",MARINE ECOLOGY PROGRESS SERIES,2011,10.3354/meps09073
thums2008,doi.org/10.3354/meps07613,S,Y,W,,L,Mirounga,leonina,M,N,N,N,,"Thums, M; Bradshaw, CJA; Hindell, MA",Tracking changes in relative body composition of southern elephant seals using swim speed data,MARINE ECOLOGY PROGRESS SERIES,2008,10.3354/meps07613
symons2022,doi.org/10.3354/meps14172,S,Y,W,,L,Fratercula,arctica,M,Y,N,Y,,"Symons, SC; Diamond, AW",Resource partitioning in Atlantic puffins and razorbills facing declining food: an analysis of feeding areas and dive behaviour in relation to diet,MARINE ECOLOGY PROGRESS SERIES,2022,10.3354/meps14172
lowther2011,doi.org/10.3354/meps09392,S,Y,W,,L,Neophoca,cinerea,M,N,N,Y,,"Lowther, AD; Harcourt, RG; Hamer, DJ; Goldsworthy, SD",Creatures of habit: foraging habitat fidelity of adult female Australian sea lions,MARINE ECOLOGY PROGRESS SERIES,2011,10.3354/meps09392
superbie2022,doi.org/10.1016/j.biocon.2021.109426,S,Y,W,,L,Rangifer ,tarandus caribou,T,N,Y,Y,,"Superbie, C; Stewart, KM; Regan, CE; Johnstone, JF; McLoughlin, PD","Northern boreal caribou conservation should focus on anthropogenic disturbance, not disturbance-mediated apparent competition",BIOLOGICAL CONSERVATION,2022,10.1016/j.biocon.2021.109426
pittman2022,doi.org/10.1002/wsb.1264,S,Y,W,,L,Meleagris ,gallopavo silvestris,T,N,Y,Y,,"Pittman, HT; Krementz, DG",Effects of prescribed fire on prenesting movements of wild turkeys in Arkansas,WILDLIFE SOCIETY BULLETIN,2022,10.1002/wsb.1264
ditmer2018c,doi.org/10.1093/cz/zox047,S,Y,W,,"L, I",Alces,alces,T,N,N,Y,,"Ditmer, MA; Moen, RA; Windels, SK; Forester, JD; Ness, TE; Harris, TR","Moose at their bioclimatic edge alter their behavior based on weather, landscape, and predators",CURRENT ZOOLOGY,2018,10.1093/cz/zox047
eckrich2018,doi.org/NA,S,Y,W,,L,Vulpes,macrotis,T,N,N,Y,,"Eckrich, GA; Warren, MJ; Clark, DA; Milburn, PJ; Torland, SJ; Hiller, TL",Space Use and Cover Selection of Kit Foxes (Vulpes macrotis) at Their Distributional Periphery,AMERICAN MIDLAND NATURALIST,2018,NA
deuel2017,doi.org/10.1371/journal.pone.0186402,S,Y,W,,L,Urocyon,cinereoargenteus,T,N,Y,Y,,"Deuel, NR; Conner, LM; Miller, KV; Chamberlain, MJ; Cherry, MJ; Tannenbaum, LV","Habitat selection and diurnal refugia of gray foxes in southwestern Georgia, USA",PLOS ONE,2017,10.1371/journal.pone.0186402
papastamatiou2022b,doi.org/10.1007/s00227-022-04119-7,S,Y,W,,"L, I, E",Carcharhinus,longimanus,M,N,Y,Y,,"Papastamatiou, YP; Leos-Barajas, V; Howey, L; Brooks, E; Chapman, DD; Watanabe, Y","Individual differences in diel and vertical activity patterns in a large pelagic predator, the oceanic whitetip shark",MARINE BIOLOGY,2022,10.1007/s00227-022-04119-7
moseby2009,doi.org/10.1071/WR08098,S,Y,"D, W",,L,Felis,catus,T,Y,N,Y,,"Moseby, KE; Stott, J; Crisp, H",Movement patterns of feral predators in an arid environment - implications for control through poison baiting,WILDLIFE RESEARCH,2009,10.1071/WR08098
hedlin2013,doi.org/10.3356/JRR-12-37.1,S,Y,W,,L,Cathartes,aura,T,N,N,N,,"Hedlin, EM; Houston, CS; McLoughlin, PD; Bechard, MJ; Stoffel, MJ; Barber, DR; Bildstein, KL",WINTER RANGES OF MIGRATORY TURKEY VULTURES IN VENEZUELA,JOURNAL OF RAPTOR RESEARCH,2013,10.3356/JRR-12-37.1
johnson2015b,doi.org/10.1080/00028487.2015.1042556,S,Y,W,,"L, I, E",Lutjanus,campechanus,M,N,N,N,,"Johnson, MW; Diamond, SL; Stunz, GW",External Attachment of Acoustic Tags to Deepwater Reef Fishes: an Alternate Approach When Internal Implantation Affects Experimental Design,TRANSACTIONS OF THE AMERICAN FISHERIES SOCIETY,2015,10.1080/00028487.2015.1042556
wilson2015c,doi.org/10.7717/peerj.957,S,Y,W,,"L, E",Phoca,vitulina,M,N,N,N,,"Wilson, RP; Liebsch, N; Gomez-Laich, A; Kay, WP; Bone, A; Hobson, VJ; Siebert, U",Options for modulating intra-specific competition in colonial pinnipeds: the case of harbour seals (Phoca vitulina) in the Wadden Sea,PEERJ,2015,10.7717/peerj.957
newman2012,doi.org/10.1371/journal.pone.0030636,S,Y,W,,L,Anser ,indicus,"T, A",Y,N,Y,,"Newman, SH; Hill, NJ; Spragens, KA; Janies, D; Voronkin, IO; Prosser, DJ; Yan, BP; Lei, FM; Batbayar, N; Natsagdorj, T; Bishop, CM; Butler, PJ; Wikelski, M; Balachandran, S; Mundkur, T; Douglas, DC; Takekawa, JY",Eco-Virological Approach for Assessing the Role of Wild Birds in the Spread of Avian Influenza H5N1 along the Central Asian Flyway,PLOS ONE,2012,10.1371/journal.pone.0030636
shaw2014,doi.org/10.3957/056.044.0108,S,Y,W,,L,Neotis,ludwigii,T,N,N,Y,,"Shaw, JM; Dilley, BJ; Davies, D; Ryan, PG",Trapping and capture myopathy in Ludwig's Bustard,SOUTH AFRICAN JOURNAL OF WILDLIFE RESEARCH,2014,10.3957/056.044.0108
halttunen2009,doi.org/10.1007/978-1-4020-9640-2_3,S,Y,W,,E,Salmo,salar L.,"M, A",N,N,N,,"Halttunen, E; Rikardsen, AH; Davidsen, JG; Thorstad, EB; Dempson, JB","Survival, Migration Speed and Swimming Depth of Atlantic Salmon Kelts During Sea Entry and Fjord Migration",TAGGING AND TRACKING OF MARINE ANIMALS WITH ELECTRONIC DEVICES,2009,10.1007/978-1-4020-9640-2_3
chilvers2009,doi.org/NA,S,Y,W,,L,Phocarctos,hookeri,M,N,N,N,,"Chilvers, BL",Foraging locations of female New Zealand sea lions (Phocarctos hookeri) from a declining colony,NEW ZEALAND JOURNAL OF ECOLOGY,2009,NA
baylis2012,doi.org/10.1111/j.1748-7692.2011.00487.x,S,Y,W,,L,Arctocephalus ,australis forsteri,M,N,N,Y,,"Baylis, AMM; Page, B; McKenzie, J; Goldsworthy, SD",Individual foraging site fidelity in lactating New Zealand fur seals: Continental shelf vs. oceanic habitats,MARINE MAMMAL SCIENCE,2012,10.1111/j.1748-7692.2011.00487.x
byrnes2021b,doi.org/10.1007/s00227-020-03803-w,S,Y,W,,"L, I, E",Negaprion,acutidens,M,N,Y,Y,,"Byrnes, EE; Daly, R; Leos-Barajas, V; Langrock, R; Gleiss, AC",Evaluating the constraints governing activity patterns of a coastal marine top predator,MARINE BIOLOGY,2021,10.1007/s00227-020-03803-w
peterson2015,doi.org/10.1016/j.scitotenv.2015.06.097,S,Y,W,,L,Mirounga,angustirostris,M,N,N,N,,"Peterson, SH; Peterson, MG; Debier, C; Covaci, A; Dirtu, AC; Malarvannan, G; Crocker, DE; Schwarz, LK; Costa, DP",Deep-ocean foraging northern elephant seals bioaccumulate persistent organic pollutants,SCIENCE OF THE TOTAL ENVIRONMENT,2015,10.1016/j.scitotenv.2015.06.097
jouanneau2022,doi.org/10.1016/j.envpol.2022.119619,S,Y,W,,L,Larus,argentatus,M,Y,Y,N,,"Jouanneau, W; Sebastiano, M; Rozen-Rechels, D; Harris, SM; Blevin, P; Angerlier, F; Brischoux, F; Gernigon, J; Lemesle, JC; Robin, F; Cherel, Y; Bustamante, P; Chastel, O",Blood mercury concentrations in four sympatric gull species from South Western France: Insights from stable isotopes and biologging,ENVIRONMENTAL POLLUTION,2022,10.1016/j.envpol.2022.119619
carpenterkling2017,doi.org/10.1007/s00227-016-3066-9,S,Y,W,,L,Pygoscelis,papua,M,N,N,N,,"Carpenter-Kling, T; Handley, JM; Green, DB; Reisinger, RR; Makhado, AB; Crawford, RJM; Pistorius, PA",A novel foraging strategy in gentoo penguins breeding at sub-Antarctic Marion Island,MARINE BIOLOGY,2017,10.1007/s00227-016-3066-9
ramos2013,doi.org/10.1111/ddi.12088,S,Y,W,,L,Calonectris,borealis,M,N,N,Y,,"Ramos, R; Granadeiro, JP; Rodriguez, B; Navarro, J; Paiva, VH; Becares, J; Reyes-Gonzalez, JM; Fagundes, I; Ruiz, A; Arcos, P; Gonzalez-Solis, J; Catry, P",Meta-population feeding grounds of Cory's shearwater in the subtropical Atlantic Ocean: implications for the definition of Marine Protected Areas based on tracking studies,DIVERSITY AND DISTRIBUTIONS,2013,10.1111/ddi.12088
harris2020b,doi.org/10.1098/rspb.2020.2381,S,Y,W,,L,Rissa,tridactyla,M,N,Y,N,,"Harris, SM; Descamps, S; Sneddon, LU; Cairo, M; Bertrand, P; Patrick, SC",Personality-specific carry-over effects on breeding,PROCEEDINGS OF THE ROYAL SOCIETY B-BIOLOGICAL SCIENCES,2020,10.1098/rspb.2020.2381
picardi2019,doi.org/10.1002/jwmg.21576,S,Y,W,,L,Capreolus,capreolus,T,N,N,Y,,"Picardi, S; Basille, M; Peters, W; Ponciano, JM; Boitani, L; Cagnacci, F",Movement responses of roe deer to hunting risk,JOURNAL OF WILDLIFE MANAGEMENT,2019,10.1002/jwmg.21576
senner2015,doi.org/10.1111/1365-2656.12381,S,Y,W,,L,Limosa ,limosa limosa,"A, T",N,Y,Y,,"Senner, NR; Verhoeven, MA; Abad-Gomez, JM; Gutierrez, JS; Hooijmeijer, JCEW; Kentie, R; Masero, JA; Tibbitts, TL; Piersma, T",When Siberia came to the Netherlands: the response of continental black-tailed godwits to a rare spring weather event,JOURNAL OF ANIMAL ECOLOGY,2015,10.1111/1365-2656.12381
kowalczyk2015,doi.org/10.3389/fmars.2015.00042,S,Y,W,,L,Eudyptula,minor,M,N,Y,N,,"Kowalczyk, ND; Reina, RD; Preston, TJ; Chiaradia, A",Selective foraging within estuarine plume fronts by an inshore resident seabird,FRONTIERS IN MARINE SCIENCE,2015,10.3389/fmars.2015.00042
carneiro2022,doi.org/10.1111/acv.12768,S,Y,W,,L,Diomedea ,exulans,M,N,N,Y,,"Carneiro, APB; Dias, MP; Oppel, S; Pearmain, EJ; Clark, BL; Wood, AG; Clavelle, T; Phillips, RA",Integrating immersion with GPS data improves behavioural classification for wandering albatrosses and shows scavenging behind fishing vessels mirrors natural foraging,ANIMAL CONSERVATION,2022,10.1111/acv.12768
fayet2021,doi.org/10.1111/1365-2656.13442,S,Y,W,,L,Fratercula,arctica,M,N,Y,Y,,"Fayet, AL; Clucas, GV; Anker-Nilssen, T; Syposz, M; Hansen, ES","Local prey shortages drive foraging costs and breeding success in a declining seabird, the Atlantic puffin",JOURNAL OF ANIMAL ECOLOGY,2021,10.1111/1365-2656.13442
allegue2022,doi.org/10.1002/ece3.8457,S,Y,W,,"L, E",Mirounga,leonina,M,N,Y,Y,,"Allegue, H; Guinet, C; Patrick, SC; Hindell, MA; McMahon, CR; Reale, D","Sex, body size, and boldness shape the seasonal foraging habitat selection in southern elephant seals",ECOLOGY AND EVOLUTION,2022,10.1002/ece3.8457
chamaillejammes2013,doi.org/10.1371/journal.pone.0059164,S,Y,W,,L,Loxodonta ,africana,T,N,Y,N,,"Chamaille-Jammes, S; Mtare, G; Makuwe, E; Fritz, H",African Elephants Adjust Speed in Response to Surface-Water Constraint on Foraging during the Dry-Season,PLOS ONE,2013,10.1371/journal.pone.0059164
johnson2018,doi.org/10.1111/1365-2664.13021,S,Y,W,,L,Ursus,americanus,T,N,Y,Y,,"Johnson, HE; Lewis, DL; Verzuh, TL; Wallace, CF; Much, RM; Willmarth, LK; Breck, SW",Human development and climate affect hibernation in a large carnivore with implications for human-carnivore conflicts,JOURNAL OF APPLIED ECOLOGY,2018,10.1111/1365-2664.13021
lone2019,doi.org/10.33265/polar.v38.3483,S,Y,W,,L,Pusa,hispida,M,N,N,Y,,"Lone, K; Hamilton, CD; Aars, J; Lydersen, C; Kovacs, KM",Summer habitat selection by ringed seals (Pusa hispida) in the drifting sea ice of the northern Barents Sea,POLAR RESEARCH,2019,10.33265/polar.v38.3483
meisingset2022,doi.org/10.1002/ecs2.4281,S,Y,W,,L,Cervus,elaphus,T,N,Y,Y,,"Meisingset, EL; Gusevik, J; Skjorestad, A; Brekkum, O; Mysterud, A; Rosell, F",Impacts of human disturbance on flight response and habitat use of red deer,ECOSPHERE,2022,10.1002/ecs2.4281
ariasdelrazo2011,doi.org/10.1016/j.jaridenv.2010.09.008,S,Y,W,,L,Canis,latrans,T,N,N,N,,"Arias-Del Razo, I; Hernandez, L; Laundre, JW; Myers, O","Do predator and prey foraging activity patterns match? A study of coyotes (Canis latrans), and lagomorphs (Lepus californicus and Sylvilagus audobonii)",JOURNAL OF ARID ENVIRONMENTS,2011,10.1016/j.jaridenv.2010.09.008
hoskins2008,doi.org/10.3354/meps07507,S,Y,W,,L,Eudyptula,minor,M,N,N,N,,"Hoskins, AJ; Dann, P; Ropert-Coudert, Y; Kato, A; Chiaradia, A; Costa, DP; Arnould, JPY","Foraging behaviour and habitat selection of the little penguin Eudyptula minor during early chick rearing in Bass Strait, Australia",MARINE ECOLOGY PROGRESS SERIES,2008,10.3354/meps07507
ruthrauff2021,doi.org/10.1111/jofo.12365,S,Y,W,,L,Numenius,phaeopus,T,N,Y,Y,,"Ruthrauff, DR; Harwood, CM; Tibbitts, TL; Warnock, N; Gill, RE","Diverse patterns of migratory timing, site use, and site fidelity by Alaska-breeding Whimbrels",JOURNAL OF FIELD ORNITHOLOGY,2021,10.1111/jofo.12365
mcmahon2021a,doi.org/10.1002/wsb.1167,S,Y,W,,L,Alces,alces,T,N,N,Y,,"McMahon, MC; Ditmer, MA; Isaac, EJ; Moore, SA; Forester, JD",Evaluating Unmanned Aerial Systems for the Detection and Monitoring of Moose in Northeastern Minnesota,WILDLIFE SOCIETY BULLETIN,2021,10.1002/wsb.1167
young2019,doi.org/10.3390/ani9050275,S,Y,W,,L,Lynx,rufus,T,N,N,Y,,"Young, JK; Golla, J; Draper, JP; Broman, D; Blankenship, T; Heilbrun, R",Space Use and Movement of Urban Bobcats,ANIMALS,2019,10.3390/ani9050275
abalomorla2018,doi.org/10.1007/s00227-018-3306-2,S,Y,W,,L,Caretta,caretta,M,N,Y,Y,,"Abalo-Morla, S; Marco, A; Tomas, J; Revuelta, O; Abella, E; Marco, V; Crespo-Picazo, JL; Fernandez, C; Valdes, F; Arroyo, MD; Montero, S; Vazquez, C; Eymar, J; Esteban, JA; Pelegri, J; Belda, EJ",Survival and dispersal routes of head-started loggerhead sea turtle (Caretta caretta) post-hatchlings in the Mediterranean Sea,MARINE BIOLOGY,2018,10.1007/s00227-018-3306-2
bom2014,doi.org/10.1186/2051-3933-2-6,S,Y,W,,"L, I",Dromas,ardeola,"M, T",N,Y,N,,"Bom, RA; Bouten, W; Piersma, T; Oosterbeek, K; van Gils, JA",Optimizing acceleration-based ethograms: the use of variable-time versus fixed-time segmentation,MOVEMENT ECOLOGY,2014,10.1186/2051-3933-2-6
dorak2017,doi.org/10.1650/CONDOR-16-234.1,S,Y,W,,L,Branta,canadensis,"T, A",N,N,N,,"Dorak, BE; Ward, MP; Eichholz, MW; Washburn, BE; Lyons, TP; Hagy, HM","Survival and habitat selection of Canada Geese during autumn and winter in metropolitan Chicago, USA",CONDOR,2017,10.1650/CONDOR-16-234.1
sur2017,doi.org/10.1371/journal.pone.0174785,S,Y,"W, C",,"L, I",Aquila,chrysaetos,T,N,Y,Y,,"Sur, M; Suffredini, T; Wessells, SM; Bloom, PH; Lanzone, M; Blackshire, S; Sridhar, S; Katzner, T",Improved supervised classification of accelerometry data to distinguish behaviors of soaring birds,PLOS ONE,2017,10.1371/journal.pone.0174785
meager2009,doi.org/10.3354/meps08156,S,Y,W,,L,Gadus,morhua,M,N,N,N,,"Meager, JJ; Skjaeraasen, JE; Ferno, A; Karlsen, O; Lokkeborg, S; Michalsen, K; Utskot, SO",Vertical dynamics and reproductive behaviour of farmed and wild Atlantic cod Gadus morhua,MARINE ECOLOGY PROGRESS SERIES,2009,10.3354/meps08156
wang2022,doi.org/10.17582/journal.pjz/20191220051218,S,Y,W,,L,Elaphurus,davidianus,T,N,N,N,,"Wang, SY; Zhao, YL; Xu, ZG; Chen, JZ; Yang, GY; Wang, S; Jiang, KK","Home Range Characteristics of the Released Female Milu (Pere David's Deer, Elaphurus davidianus) Population during Different Periods and Effects of Water Submersion in Dongting Lake, China",PAKISTAN JOURNAL OF ZOOLOGY,2022,10.17582/journal.pjz/20191220051218
auge2011b,doi.org/10.3354/meps09176,S,Y,W,,L,Phocarctos,hookeri,M,N,N,Y,,"Auge, AA; Chilvers, BL; Moore, AB; Davis, LS",Foraging behaviour indicates marginal marine habitat for New Zealand sea lions: remnant versus recolonising populations,MARINE ECOLOGY PROGRESS SERIES,2011,10.3354/meps09176
shillinger2008,doi.org/10.1371/journal.pbio.0060171,S,Y,W,,"L, E",Dermochelys,coriacea,M,N,Y,Y,,"Shillinger, GL; Palacios, DM; Bailey, H; Bograd, SJ; Swithenbank, AM; Gaspar, P; Wallace, BP; Spotila, JR; Paladino, FV; Piedra, R; Eckert, SA; Block, BA",Persistent leatherback turtle migrations present opportunities for conservation,PLOS BIOLOGY,2008,10.1371/journal.pbio.0060171
joumaa2017,doi.org/10.3354/meps12191,S,Y,W,,"L, I, E",Mirounga,leonina,M,N,Y,N,,"Jouma'a, J; Le Bras, Y; Picard, B; Guinet, C","Three-dimensional assessment of hunting strategies in a deep diving predator, southern elephant seal Mirounga leonina",MARINE ECOLOGY PROGRESS SERIES,2017,10.3354/meps12191
bidner2018,doi.org/10.1002/ajp.22932,S,Y,W,,L,Papio ,spp.,T,Y,N,N,,"Bidner, LR; Matsumoto-Oda, A; Isbell, LA",The role of sleeping sites in the predator-prey dynamics of leopards and olive baboons,AMERICAN JOURNAL OF PRIMATOLOGY,2018,10.1002/ajp.22932
stewart2019,doi.org/10.1038/s41598-019-47067-x,S,Y,W,,"L, I",Pekania,pennanti,T,N,Y,Y,,"Stewart, FEC; Darlington, S; Volpe, JP; McAdie, M; Fisher, JT",Corridors best facilitate functional connectivity across a protected area network,SCIENTIFIC REPORTS,2019,10.1038/s41598-019-47067-x
basille2013,doi.org/10.1111/j.1600-0587.2011.07367.x,S,Y,W,,L,Rangifer,tarandus caribou,T,Y,N,Y,,"Basille, M; Fortin, D; Dussault, C; Ouellet, JP; Courtois, R",Ecologically based definition of seasons clarifies predatorprey interactions,ECOGRAPHY,2013,10.1111/j.1600-0587.2011.07367.x
abrilcolon2022,doi.org/10.1186/s40462-022-00346-1,S,Y,W,,"L, I",Chlamydotis ,undulata fuertaventurae,T,N,Y,Y,,"Abril-Colon, I; Alonso, JC; Palacin, C; Ucero, A; Alvarez-Martinez, JM",Factors modulating home range and resource use: a case study with Canarian houbara bustards,MOVEMENT ECOLOGY,2022,10.1186/s40462-022-00346-1
girard2009,doi.org/10.1007/s00227-009-1216-z,S,Y,W,,L,Caretta,caretta,M,N,Y,Y,,"Girard, C; Tucker, AD; Calmettes, B",Post-nesting migrations of loggerhead sea turtles in the Gulf of Mexico: dispersal in highly dynamic conditions,MARINE BIOLOGY,2009,10.1007/s00227-009-1216-z
fortin2022,doi.org/10.1016/j.biocon.2022.109794,S,Y,W,,L,Loxodonta,africana,T,N,Y,Y,,"Fortin, D; Berube, AJ; Boudreau, S; Shrader, A; Ward, D",Density-dependent habitat selection varies between male and female African elephants,BIOLOGICAL CONSERVATION,2022,10.1016/j.biocon.2022.109794
drouilly2020b,doi.org/10.1111/jzo.12737,S,Y,W,,L,Canis,mesomelas,T,Y,N,N,,"Drouilly, M; Nattrass, N; O'Riain, MJ",Global positioning system location clusters vs. scats: comparing dietary estimates to determine mesopredator diet in a conflict framework,JOURNAL OF ZOOLOGY,2020,10.1111/jzo.12737
bennitt2019,doi.org/10.1371/journal.pone.0213720,S,Y,W,,L,Equus,quagga,T,Y,Y,Y,,"Bennitt, E; Hubel, TY; Bartlam-Brooks, HLA; Wilson, AM",Possible causes of divergent population trends in sympatric African herbivores,PLOS ONE,2019,10.1371/journal.pone.0213720
amelineau2021,doi.org/10.1098/rsbl.2021.0331,S,Y,W,,L,Numenius ,arquata arquata,"M, T",N,Y,N,,"Amelineau, F; Delbart, N; Schwemmer, P; Marja, R; Fort, J; Garthe, S; Elts, J; Delaporte, P; Rousseau, P; Duraffour, F; Bocher, P",Timing of spring departure of long distance migrants correlates with previous year's conditions at their breeding site,BIOLOGY LETTERS,2021,10.1098/rsbl.2021.0331
nowak2020,doi.org/10.1186/s40462-020-00225-7,S,Y,W,,,Halichoerus,grypus,M,N,Y,N,,"Nowak, BVR; Bowen, WD; Whoriskey, K; Lidgard, DC; Flemming, JEM; Iverson, SJ","Foraging behaviour of a continental shelf marine predator, the grey seal (Halichoerus grypus), is associated with in situ, subsurface oceanographic conditions",MOVEMENT ECOLOGY,2020,10.1186/s40462-020-00225-7
veltheim2022,doi.org/10.1080/01584197.2022.2036196,S,Y,W,,L,Antigone,rubicunda,"A, T",N,Y,Y,,"Veltheim, I; Cook, S; McCarthy, MA; Palmer, GC; Hill, FAR",Partial migration of Brolgas (Antigone rubicunda) within a restricted range is revealed by GPS tracking,EMU-AUSTRAL ORNITHOLOGY,2022,10.1080/01584197.2022.2036196
skinner2022,doi.org/10.1111/ddi.13477,S,Y,W,,L,Antrostomus,vociferus,T,N,Y,Y,,"Skinner, AA; Ward, MP; Souza-Cole, I; Wright, JR; Thompson, FR; Benson, TJ; Matthews, SN; Tonra, CM",High spatiotemporal overlap in the non-breeding season despite geographically dispersed breeding locations in the eastern whip-poor-will (Antrostomus vociferus),DIVERSITY AND DISTRIBUTIONS,2022,10.1111/ddi.13477
amelineau2014,doi.org/10.1242/jeb.097915,S,Y,W,,"L, I, E",Morus,bassanus,M,N,N,N,,"Amelineau, F; Peron, C; Lescroel, A; Authier, M; Provost, P; Gremillet, D",Windscape and tortuosity shape the flight costs of northern gannets,JOURNAL OF EXPERIMENTAL BIOLOGY,2014,10.1242/jeb.097915
leech2017,doi.org/10.1139/cjz-2016-0076,S,Y,W,,L,Rangifer ,tarandus caribou,T,Y,N,Y,,"Leech, H; Jelinski, DE; DeGroot, L; Kuzyk, G",The temporal niche and seasonal differences in predation risk to translocated and resident woodland caribou (Rangifer tarandus caribou),CANADIAN JOURNAL OF ZOOLOGY,2017,10.1139/cjz-2016-0076
brambilla2018,doi.org/10.1016/j.mambio.2018.02.001,S,Y,W,,"L, I",Capra,ibex,T,N,N,Y,,"Brambilla, A; Brivio, F",Assessing the effects of helicopter disturbance in a mountain ungulate on different time scales,MAMMALIAN BIOLOGY,2018,10.1016/j.mambio.2018.02.001
muthoka2023,doi.org/10.1080/03949370.2021.2024265,S,Y,W,,L,Sus,scrofa,T,N,N,N,are wild boar (Sus scrofa) domestic? ,"Muthoka, CM; Andren, H; Nyaga, J; Augustsson, E; Kjellander, P",Effect of supplemental feeding on habitat and crop selection by wild boar in Sweden,ETHOLOGY ECOLOGY & EVOLUTION,2023,10.1080/03949370.2021.2024265
olson2015,doi.org/10.1674/0003-0031-174.1.96,S,Y,W,,L,Odocoileus,virginianus,T,N,N,N,,"Olson, AK; Gulsby, WD; Cohen, BS; Byrne, ME; Osborn, DA; Miller, KV",Spring Excursions of Mature Male White-tailed Deer (Odocoileus virginianus) in North Central Pennsylvania,AMERICAN MIDLAND NATURALIST,2015,10.1674/0003-0031-174.1.96
tennessen2019,doi.org/10.1038/s41598-019-50942-2,S,Y,W,,"L, I, E",Orcinus,orca,M,N,Y,Y,,"Tennessen, JB; Holt, MM; Ward, EJ; Hanson, MB; Emmons, CK; Giles, DA; Hogan, JT",Hidden Markov models reveal temporal patterns and sex differences in killer whale behavior,SCIENTIFIC REPORTS,2019,10.1038/s41598-019-50942-2
wiemers2014,doi.org/10.2981/wlb.13029,S,Y,W,,L,Odocoileus,virginianus,T,N,N,N,,"Wiemers, DW; Fulbright, TE; Wester, DB; Ortega-S, JA; Rasmussen, GA; Hewitt, DG; Hellickson, MW","Role of thermal environment in habitat selection by male white-tailed deer during summer in Texas, USA",WILDLIFE BIOLOGY,2014,10.2981/wlb.13029
hensman2014b,doi.org/10.1111/aje.12113,S,Y,W,,L,Hippotragus,niger,T,N,N,N,,"Hensman, MC; Owen-Smith, N; Parrini, F; Bonyongo, CM",Resource use and the nutritional status of sable antelope in the Okavango Delta region of northern Botswana,AFRICAN JOURNAL OF ECOLOGY,2014,10.1111/aje.12113
blum2023,doi.org/10.1186/s40462-023-00378-1,S,Y,W,,L,Ovis ,canadensis nelsoni,T,N,Y,Y,,"Blum, ME; Stewart, KM; Shoemaker, KT; Cox, M; Wakeling, BF; Dilts, TE; Bennett, JR; Bleich, VC",Changes in selection of resources with reproductive state in a montane ungulate,MOVEMENT ECOLOGY,2023,10.1186/s40462-023-00378-1
riaz2020,doi.org/10.3354/meps13519,S,Y,W,,L,Pygoscelis,adeliae ,M,N,N,Y,,"Riaz, J; Bestley, S; Wotherspoon, S; Freyer, J; Emmerson, L","From trips to bouts to dives: temporal patterns in the diving behaviour of chick-rearing Adelie penguins, East Antarctica",MARINE ECOLOGY PROGRESS SERIES,2020,10.3354/meps13519
steyaert2016,doi.org/10.1098/rspb.2016.0906,S,Y,W,,L,Ursus,arctos,T,N,Y,Y,,"Steyaert, SMJG; Leclerc, M; Pelletier, F; Kindberg, J; Brunberg, S; Swenson, JE; Zedrosser, A",Human shields mediate sexual conflict in a top predator,PROCEEDINGS OF THE ROYAL SOCIETY B-BIOLOGICAL SCIENCES,2016,10.1098/rspb.2016.0906
dunn2022,doi.org/10.1111/1365-2435.14059,S,Y,W,,E,Uria,aalge,M,N,Y,Y,,"Dunn, RE; Green, JA; Wanless, S; Harris, MP; Newell, MA; Bogdanova, MI; Horswill, C; Daunt, F; Matthiopoulos, J",Modelling and mapping how common guillemots balance their energy budgets over a full annual cycle,FUNCTIONAL ECOLOGY,2022,10.1111/1365-2435.14059
palm2022,doi.org/10.1002/eap.2549,S,Y,W,,L,Rangifer,tarandus,T,N,Y,Y,,"Palm, EC; Suitor, MJ; Joly, K; Herriges, JD; Kelly, AP; Hervieux, D; Russell, KLM; Bentzen, TW; Larter, NC; Hebblewhite, M",Increasing fire frequency and severity will increase habitat loss for a boreal forest indicator species,ECOLOGICAL APPLICATIONS,2022,10.1002/eap.2549
kaczensky2008,doi.org/10.2981/0909-6396-14.4.444,S,Y,W,,L,Canis,lupus,T,N,N,Y,,"Kaczensky, P; Enkhsaikhan, N; Ganbaatar, O; Walzer, C",The Great Gobi B Strictly Protected Area in Mongolia - refuge or sink for wolves Canis lupus in the Gobi?,WILDLIFE BIOLOGY,2008,10.2981/0909-6396-14.4.444
piersma2021,doi.org/10.1111/ibi.12964,S,Y,W,,L,Calidris ,canutus piersmai,"M, A",N,Y,Y,,"Piersma, T; Kok, EMA; Hassell, CJ; Peng, HB; Verkuil, YI; Lei, GC; Karagicheva, J; Rakhimberdiev, E; Howey, PW; Tibbitts, TL; Chan, YC",When a typical jumper skips: itineraries and staging habitats used by Red Knots (Calidris canutus piersmai) migrating between northwest Australia and the New Siberian Islands,IBIS,2021,10.1111/ibi.12964
bakermans2022,doi.org/10.5751/ACE-02237-170217,S,Y,W,,L,Antrostomus,vociferus,T,N,N,Y,,"Bakermans, MH; Driscoll, JM; Vitz, AC",Habitat selection and site fidelity on winter home ranges of Eastern Whip-poor-wills (Antrostomus vociferus),AVIAN CONSERVATION AND ECOLOGY,2022,10.5751/ACE-02237-170217
isaksson2019,doi.org/10.1080/00063657.2018.1563044,S,Y,W,,L,Alca,torda,M,N,N,N,,"Isaksson, N; Evans, TJ; Olsson, O; Akesson, S",Foraging behaviour of Razorbills Alca torda during chick-rearing at the largest colony in the Baltic Sea,BIRD STUDY,2019,10.1080/00063657.2018.1563044
dzialak2011b,doi.org/10.1371/journal.pone.0014597,S,Y,W,,L,Cervus,elaphus,T,N,N,Y,,"Dzialak, MR; Harju, SM; Osborn, RG; Wondzell, JJ; Hayden-Wing, LD; Winstead, JB; Webb, SL",Prioritizing Conservation of Ungulate Calving Resources in Multiple-Use Landscapes,PLOS ONE,2011,10.1371/journal.pone.0014597
puckeridge2021,doi.org/10.3354/meps13691,S,Y,W,,I,Platycephalus ,caeruleo- punctatus,M,N,N,N,,"Puckeridge, AC; Becker, A; Taylor, MD; Lowry, MB; McLeod, J; Schilling, HT; Suthers, IM",Foraging behaviour and movements of an ambush predator reveal benthopelagic coupling on artificial reefs,MARINE ECOLOGY PROGRESS SERIES,2021,10.3354/meps13691
chilvers2014,doi.org/10.1080/03014223.2014.908931,S,Y,W,,L,Megadyptes ,antipodes,T,N,N,N,,"Chilvers, BL; Dobbins, ML; Edmonds, HK","Diving behaviour of yellow-eyed penguins, Port Pegasus/Pikihatiti, Stewart Island/Rakiura, New Zealand",NEW ZEALAND JOURNAL OF ZOOLOGY,2014,10.1080/03014223.2014.908931
jakubas2016,doi.org/10.1016/j.jembe.2015.11.010,S,Y,W,,L,Alle ,alle,"M, T",N,N,N,,"Jakubas, D; Iliszko, LM; Strom, H; Darecki, M; Jerstad, K; Stempniewicz, L","Foraging behavior of a high-Arctic zooplanktivorous alcid, the little auk, at the southern edge of its breeding range",JOURNAL OF EXPERIMENTAL MARINE BIOLOGY AND ECOLOGY,2016,10.1016/j.jembe.2015.11.010
maputla2015,doi.org/10.1016/j.gecco.2015.03.001,S,Y,W,,L,Panthera,pardus,T,Y,N,Y,hard to tell wether the lion data is new or not because I am unable to access one of the citations ,"Maputla, NW; Maruping, NT; Chimimba, CT; Ferreira, SM","Spatio-temporal separation between lions and leopards in the Kruger National Park and the Timbavati Private Nature Reserve, South Africa",GLOBAL ECOLOGY AND CONSERVATION,2015,10.1016/j.gecco.2015.03.001
simon2019,doi.org/10.1111/oik.06166,S,Y,W,,L,Canis,lupus,T,Y,Y,N,,"Simon, RN; Cherry, SG; Fortin, D",Complex tactics in a dynamic large herbivore-carnivore spatiotemporal game,OIKOS,2019,10.1111/oik.06166
jordan2022,doi.org/10.3389/fevo.2022.1028317,S,Y,W,,L,Phoebastria,immutabilis,M,Y,Y,Y,,"Jordan, FD; Shaffer, SA; Conners, MG; Stepanuk, JEF; Gilmour, ME; Clatterbuck, CA; Hazen, EL; Palacios, DM; Tremblay, Y; Antolos, M; Foley, DG; Bograd, SJ; Costa, DP; Thorne, LH",Divergent post-breeding spatial habitat use of Laysan and black-footed albatross,FRONTIERS IN ECOLOGY AND EVOLUTION,2022,10.3389/fevo.2022.1028317
laguna2021b,doi.org/10.1016/j.scitotenv.2021.147124,S,Y,W,,L,Cervus,elaphus,T,N,N,Y,,"Laguna, E; Carpio, AJ; Vicente, J; Barasona, JA; Triguero-Ocana, R; Jimenez-Ruiz, S; Gomez-Manzaneque, A; Acevedo, P","The spatial ecology of red deer under different land use and management scenarios: Protected areas, mixed farms and fenced hunting estates",SCIENCE OF THE TOTAL ENVIRONMENT,2021,10.1016/j.scitotenv.2021.147124